index,light,lat,long,accel_x,ACCELEROMETER Y,ACCELEROMETER Z,LOCATION Accuracy,elapsed,timestamp,geometry
0,0.0,50.38621,-4.148402,-1.632,3.7939999999999996,8.9934,12.0,15,2019-08-30 20:51:50:874,POINT (-4.148402 50.38621)
1,0.0,50.38615,-4.1483870000000005,-2.4471,3.5092,9.3123,11.0,1015,2019-08-30 20:51:51:874,POINT (-4.148387 50.38615)
2,0.0,50.386124,-4.148371,-2.0417,2.8881,10.2101,10.0,2015,2019-08-30 20:51:52:874,POINT (-4.148371 50.386124)
3,0.0,50.386115999999994,-4.148364,-2.1099,2.8385,7.8382,10.0,3015,2019-08-30 20:51:53:874,POINT (-4.148364 50.38611599999999)
4,0.0,50.3861,-4.148351,-5.457999999999999,2.3954,10.5338,10.0,4015,2019-08-30 20:51:54:874,POINT (-4.148351 50.3861)
5,0.0,50.386097,-4.148345,-10.6011,-6.8783,3.173,10.0,5015,2019-08-30 20:51:55:874,POINT (-4.148345 50.386097)
6,0.0,50.386086,-4.148343,0.2646,-8.2514,3.8839,10.0,6015,2019-08-30 20:51:56:874,POINT (-4.148343 50.386086)
7,0.0,50.38608,-4.148328,-3.0273,-10.8943,1.2901,9.0,7015,2019-08-30 20:51:57:874,POINT (-4.148328 50.38608)
8,0.0,50.38608,-4.148317,-4.1756,-19.6586,-15.2884,9.0,8016,2019-08-30 20:51:58:875,POINT (-4.148317 50.38608)
9,0.0,50.38608,-4.148301999999999,1.8734,-7.6132,1.3847,10.0,9016,2019-08-30 20:51:59:875,POINT (-4.148301999999999 50.38608)
10,0.0,50.386070000000004,-4.148292,-0.3738,-15.0672,-3.1278,10.0,10015,2019-08-30 20:52:00:874,POINT (-4.148292 50.38607)
11,0.0,50.386078000000005,-4.148275,-0.6425,-9.2323,-2.5754,9.0,11016,2019-08-30 20:52:01:875,POINT (-4.148275 50.386078)
12,0.0,50.386066,-4.148256,-0.4649,-7.531000000000001,-0.6403,9.0,12015,2019-08-30 20:52:02:874,POINT (-4.148256 50.386066)
13,0.0,50.386055,-4.148243,-0.7154,-5.1496,3.5109,9.0,13015,2019-08-30 20:52:03:874,POINT (-4.148243 50.386055)
14,0.0,50.386055,-4.148232,-4.6745,-19.0398,-13.0187,9.0,14015,2019-08-30 20:52:04:874,POINT (-4.148232 50.386055)
15,0.0,50.386055,-4.148216000000001,0.8962,-4.8009,1.8459999999999999,9.0,15016,2019-08-30 20:52:05:875,POINT (-4.148216000000001 50.386055)
16,0.0,50.386063,-4.148209,-4.1275,-14.6047,-1.5619999999999998,9.0,16015,2019-08-30 20:52:06:874,POINT (-4.148209 50.386063)
17,0.0,50.386066,-4.148186,-4.0214,-16.9281,-0.9082,9.0,17016,2019-08-30 20:52:07:875,POINT (-4.148186 50.386066)
18,0.0,50.386066,-4.1481699999999995,-2.2885,-9.1278,0.1726,9.0,18015,2019-08-30 20:52:08:874,POINT (-4.148169999999999 50.386066)
19,0.0,50.386063,-4.148153,0.2751,-8.2803,1.7298,9.0,19015,2019-08-30 20:52:09:874,POINT (-4.148153 50.386063)
20,0.0,50.386070000000004,-4.148147,-2.5438,-5.5991,5.7862,9.0,20015,2019-08-30 20:52:10:874,POINT (-4.148147 50.38607)
21,0.0,50.386078000000005,-4.148141000000001,0.986,-18.9562,-12.4743,9.0,21015,2019-08-30 20:52:11:874,POINT (-4.148141000000001 50.386078)
22,0.0,50.38609,-4.148144,-4.7739,-11.4162,-1.6021,9.0,22014,2019-08-30 20:52:12:873,POINT (-4.148144 50.38609)
23,0.0,50.386093,-4.14815,-2.0580000000000003,-12.9037,-4.3884,9.0,23016,2019-08-30 20:52:13:875,POINT (-4.14815 50.386093)
24,0.0,50.386097,-4.148126,-2.7606,-8.8438,-0.1145,9.0,24014,2019-08-30 20:52:14:873,POINT (-4.148126 50.386097)
25,0.0,50.386097,-4.148126,-1.1488,-8.649,-0.2885,9.0,25015,2019-08-30 20:52:15:874,POINT (-4.148126 50.386097)
26,0.0,50.386097,-4.148102,1.3896,-10.5732,2.2202,9.0,26015,2019-08-30 20:52:16:874,POINT (-4.148102 50.386097)
27,0.0,50.3861,-4.148087,1.3009,-11.4818,-11.1512,9.0,27016,2019-08-30 20:52:17:875,POINT (-4.148087 50.3861)
28,0.0,50.3861,-4.148073999999999,1.6941,-6.4804,1.4884,9.0,28016,2019-08-30 20:52:18:875,POINT (-4.148073999999999 50.3861)
29,0.0,50.386105,-4.148052,0.485,-13.4329,-2.0291,9.0,29015,2019-08-30 20:52:19:874,POINT (-4.148052 50.386105)
30,0.0,50.386105,-4.148033,-0.6193,-9.4654,-1.7142,9.0,30017,2019-08-30 20:52:20:876,POINT (-4.148033 50.386105)
31,0.0,50.386124,-4.148027,-1.3587,-9.1111,-0.1076,9.0,31015,2019-08-30 20:52:21:874,POINT (-4.148027 50.386124)
32,0.0,50.386124,-4.148027,-0.6415,-9.9951,-0.0731,9.0,32015,2019-08-30 20:52:22:874,POINT (-4.148027 50.386124)
33,0.0,50.386134999999996,-4.147989,2.2469,-9.333,-9.5954,9.0,33015,2019-08-30 20:52:23:874,POINT (-4.147989 50.386135)
34,0.0,50.386134999999996,-4.147971,1.13,-7.474,1.9151,9.0,34016,2019-08-30 20:52:24:875,POINT (-4.147971 50.386135)
35,0.0,50.386140000000005,-4.147956,2.7208,-13.2679,3.9355,9.0,35015,2019-08-30 20:52:25:874,POINT (-4.147956 50.38614)
36,0.0,50.386140000000005,-4.147944,-1.5015,-9.2682,-0.4497,9.0,36015,2019-08-30 20:52:26:874,POINT (-4.147944 50.38614)
37,0.0,50.386140000000005,-4.147926999999999,-2.5538,-8.8234,0.3316,9.0,37016,2019-08-30 20:52:27:875,POINT (-4.147926999999999 50.38614)
38,0.0,50.386143,-4.1479,-2.3475,-9.1353,-0.2902,9.0,38016,2019-08-30 20:52:28:875,POINT (-4.1479 50.386143)
39,0.0,50.386143,-4.1479,4.9087,-9.8441,2.9691,9.0,39016,2019-08-30 20:52:29:875,POINT (-4.1479 50.386143)
40,0.0,50.386143,-4.1479099999999995,1.013,-5.1634,1.508,9.0,40015,2019-08-30 20:52:30:874,POINT (-4.14791 50.386143)
41,0.0,50.386143,-4.147915,0.9359999999999999,-12.6069,3.0003,9.0,41017,2019-08-30 20:52:31:876,POINT (-4.147915 50.386143)
42,0.0,50.38616,-4.147933,-2.0322,-9.2004,0.5154,9.0,42015,2019-08-30 20:52:32:874,POINT (-4.147933 50.38616)
43,0.0,50.38616,-4.147916,-2.0084,-9.1463,0.4298,10.0,43015,2019-08-30 20:52:33:874,POINT (-4.147916 50.38616)
44,0.0,50.386165999999996,-4.147897,4.0749,-7.8323,3.3863,10.0,44016,2019-08-30 20:52:34:875,POINT (-4.147897 50.386166)
45,0.0,50.38617,-4.147876,-6.0488,-21.1756,-16.6144,10.0,45015,2019-08-30 20:52:35:874,POINT (-4.147876 50.38617)
46,0.0,50.38617,-4.147851,1.9034,-5.0538,2.3865,10.0,46015,2019-08-30 20:52:36:874,POINT (-4.147851 50.38617)
47,0.0,50.38617,-4.14784,2.3661,-12.8273,2.4696,10.0,47015,2019-08-30 20:52:37:874,POINT (-4.14784 50.38617)
48,0.0,50.386165999999996,-4.147809,-1.1594,-9.6921,-1.9779,10.0,48016,2019-08-30 20:52:38:875,POINT (-4.147809 50.386166)
49,0.0,50.386165999999996,-4.147809,-3.0321,-9.1342,0.2211,10.0,49015,2019-08-30 20:52:39:874,POINT (-4.147809 50.386166)
50,0.0,50.38617,-4.147776,-4.9823,-12.7983,1.8943,9.0,50016,2019-08-30 20:52:40:875,POINT (-4.147776 50.38617)
51,0.0,50.386165999999996,-4.1477580000000005,6.8856,-5.9616,0.4064,9.0,51016,2019-08-30 20:52:41:875,POINT (-4.147758000000001 50.386166)
52,0.0,50.38617,-4.147734,1.4996,-4.7166,1.3117,9.0,52015,2019-08-30 20:52:42:874,POINT (-4.147734 50.38617)
53,0.0,50.38615,-4.147718,5.5012,-14.1057,3.3996,9.0,53016,2019-08-30 20:52:43:875,POINT (-4.147718 50.38615)
54,0.0,50.386165999999996,-4.14771,-1.4888,-10.6428,-0.2659,9.0,54015,2019-08-30 20:52:44:874,POINT (-4.14771 50.386166)
55,0.0,50.386173,-4.14769,-1.7992,-9.2114,1.7677,9.0,55018,2019-08-30 20:52:45:877,POINT (-4.14769 50.386173)
56,0.0,50.386177,-4.147678,-0.9562,-10.679,2.5659,9.0,56015,2019-08-30 20:52:46:874,POINT (-4.147678 50.386177)
57,0.0,50.386185,-4.147657,-2.1121,-10.0237,-5.5562,9.0,57017,2019-08-30 20:52:47:876,POINT (-4.147657 50.386185)
58,0.0,50.386192,-4.147638,0.1878,-4.0572,1.7938,9.0,58015,2019-08-30 20:52:48:874,POINT (-4.147638 50.386192)
59,0.0,50.386196000000005,-4.147619000000001,3.1701,-13.8642,2.4363,10.0,59016,2019-08-30 20:52:49:875,POINT (-4.147619000000001 50.38619600000001)
60,0.0,50.3862,-4.147605,-0.8123,-9.5333,-1.9306,9.0,60015,2019-08-30 20:52:50:874,POINT (-4.147605 50.3862)
61,0.0,50.3862,-4.147588,-3.3045,-9.2198,0.46299999999999997,9.0,61014,2019-08-30 20:52:51:873,POINT (-4.147588 50.3862)
62,0.0,50.386208,-4.147576,-3.7116,-10.6731,-1.7208,9.0,62016,2019-08-30 20:52:52:875,POINT (-4.147576 50.386208)
63,0.0,50.386196000000005,-4.147557,2.222,-5.5091,-5.4654,9.0,63015,2019-08-30 20:52:53:874,POINT (-4.147557 50.38619600000001)
64,0.0,50.386204,-4.147538,0.5932,-8.6587,1.2105,9.0,64016,2019-08-30 20:52:54:875,POINT (-4.147538 50.386204)
65,0.0,50.386204,-4.147521,-4.3372,-13.1246,-1.1927,9.0,65015,2019-08-30 20:52:55:874,POINT (-4.147521 50.386204)
66,0.0,50.386208,-4.14749,-1.6806,-9.6481,-0.4622,9.0,66016,2019-08-30 20:52:56:875,POINT (-4.14749 50.386208)
67,0.0,50.38621,-4.147482,-4.5127,-11.1135,-0.3802,9.0,67016,2019-08-30 20:52:57:875,POINT (-4.147482 50.38621)
68,0.0,50.386215,-4.147465,3.7358,-9.8763,1.5498,9.0,68015,2019-08-30 20:52:58:874,POINT (-4.147465 50.386215)
69,0.0,50.38622,-4.147464,0.8028,-3.2539,0.4446,9.0,69015,2019-08-30 20:52:59:874,POINT (-4.147464 50.38622)
70,0.0,50.386223,-4.147468,-2.9968,-11.4909,-1.7041,9.0,70015,2019-08-30 20:53:00:874,POINT (-4.147468 50.386223)
71,0.0,50.38623,-4.147449,-3.9621,-13.48,-4.0631,9.0,71015,2019-08-30 20:53:01:874,POINT (-4.147449 50.38623)
72,0.0,50.386234,-4.147423000000001,-2.3773,-9.1478,0.9786,9.0,72015,2019-08-30 20:53:02:874,POINT (-4.147423000000001 50.386234)
73,0.0,50.38624,-4.147404,-1.1377,-8.5774,0.5733,9.0,73015,2019-08-30 20:53:03:874,POINT (-4.147404 50.38624)
74,0.0,50.38625,-4.147422,1.9081,-10.4583,-4.2619,9.0,74015,2019-08-30 20:53:04:874,POINT (-4.147422 50.38625)
75,0.0,50.386253,-4.147396,0.502,-3.6839,1.2783,9.0,75015,2019-08-30 20:53:05:874,POINT (-4.147396 50.386253)
76,0.0,50.38626,-4.147399,-4.9552,-10.7294,-1.5699,9.0,76015,2019-08-30 20:53:06:874,POINT (-4.147399 50.38626)
77,0.0,50.386257,-4.1473949999999995,-2.3786,-9.9654,-0.1176,10.0,77015,2019-08-30 20:53:07:874,POINT (-4.147394999999999 50.386257)
78,0.0,50.386265,-4.147409,0.445,-8.252,-0.3628,10.0,78015,2019-08-30 20:53:08:874,POINT (-4.147409 50.386265)
79,0.0,50.386272,-4.147368,-3.0658,-11.5071,1.271,11.0,79015,2019-08-30 20:53:09:874,POINT (-4.147368 50.386272)
80,0.0,50.386272,-4.147344,1.3753,-10.5907,-2.9632,11.0,80015,2019-08-30 20:53:10:874,POINT (-4.147344 50.386272)
81,0.0,50.38627,-4.147318,1.7737,-7.0008,1.1532,10.0,81015,2019-08-30 20:53:11:874,POINT (-4.147318 50.38627)
82,0.0,50.386272,-4.147291,-1.1059999999999999,-12.5644,-2.3227,10.0,82015,2019-08-30 20:53:12:874,POINT (-4.147291 50.386272)
83,0.0,50.38628,-4.147266,-1.5171,-9.2897,-0.6527,10.0,83017,2019-08-30 20:53:13:876,POINT (-4.147266 50.38628)
84,0.0,50.386284,-4.1472739999999995,-5.0883,-9.3807,0.9227,10.0,84015,2019-08-30 20:53:14:874,POINT (-4.147273999999999 50.386284)
85,0.0,50.386288,-4.147265,1.3197,-9.9239,2.0459,10.0,85015,2019-08-30 20:53:15:874,POINT (-4.147265 50.386288)
86,0.0,50.386288,-4.147265,0.5902,-4.8815,0.2585,10.0,86016,2019-08-30 20:53:16:875,POINT (-4.147265 50.386288)
87,0.0,50.3863,-4.147227,-4.0233,-11.474,-1.7652,10.0,87015,2019-08-30 20:53:17:874,POINT (-4.147227 50.3863)
88,0.0,50.386307,-4.147224,-1.8495,-9.8471,-1.6886,10.0,88017,2019-08-30 20:53:18:876,POINT (-4.147224 50.386307)
89,0.0,50.386309999999995,-4.147206,0.4657,-8.1448,0.0245,9.0,89016,2019-08-30 20:53:19:875,POINT (-4.147206 50.38630999999999)
90,0.0,50.38632,-4.147193,-2.3080000000000003,-14.1272,0.3564,9.0,90020,2019-08-30 20:53:20:879,POINT (-4.147193 50.38632)
91,0.0,50.38632,-4.147174,-4.6286,-19.9209,-14.7871,9.0,91015,2019-08-30 20:53:21:874,POINT (-4.147174 50.38632)
92,0.0,50.38632,-4.147155000000001,-2.3776,-10.1257,-1.3274,9.0,92015,2019-08-30 20:53:22:874,POINT (-4.147155000000001 50.38632)
93,0.0,50.38632,-4.1471279999999995,-4.3282,-14.0394,-2.9946,9.0,93014,2019-08-30 20:53:23:873,POINT (-4.147127999999999 50.38632)
94,0.0,50.38633,-4.14712,-1.7673,-9.3213,0.4062,9.0,94015,2019-08-30 20:53:24:874,POINT (-4.14712 50.38633)
95,0.0,50.38633,-4.14711,-2.9627,-12.075,2.4716,9.0,95015,2019-08-30 20:53:25:874,POINT (-4.14711 50.38633)
96,0.0,50.386333,-4.147094999999999,-0.4036,-10.5368,-9.1758,9.0,96015,2019-08-30 20:53:26:874,POINT (-4.147094999999999 50.386333)
97,0.0,50.386337,-4.147086,1.2646,-7.1284,1.5687,9.0,97015,2019-08-30 20:53:27:874,POINT (-4.147086 50.386337)
98,0.0,50.386340000000004,-4.1470650000000004,-4.2596,-11.1831,-0.8111,9.0,98016,2019-08-30 20:53:28:875,POINT (-4.147065 50.38634)
99,0.0,50.38635,-4.1470519999999995,-3.8659,-12.7659,-1.9265,9.0,99016,2019-08-30 20:53:29:875,POINT (-4.147052 50.38635)
100,0.0,50.386353,-4.147039,-0.626,-7.8088,-0.4036,9.0,100015,2019-08-30 20:53:30:874,POINT (-4.147039 50.386353)
101,0.0,50.386353,-4.147022,-2.3674,-8.6856,1.6694,9.0,101017,2019-08-30 20:53:31:876,POINT (-4.147022 50.386353)
102,0.0,50.386356,-4.147007,-0.3027,-4.4787,0.6753,9.0,102015,2019-08-30 20:53:32:874,POINT (-4.147007 50.386356)
103,0.0,50.386368,-4.147012,-3.4505,-9.4885,-1.4664,9.0,103015,2019-08-30 20:53:33:874,POINT (-4.147012 50.386368)
104,0.0,50.386375,-4.146993,-2.3777,-14.5579,-2.0452,9.0,104015,2019-08-30 20:53:34:874,POINT (-4.146993 50.386375)
105,0.0,50.386375,-4.146993,-1.7753,-9.2993,0.5433,9.0,105017,2019-08-30 20:53:35:876,POINT (-4.146993 50.386375)
106,0.0,50.386379999999996,-4.146971,-1.3248,-7.7721,-0.2815,9.0,106015,2019-08-30 20:53:36:874,POINT (-4.146971 50.38638)
107,0.0,50.386379999999996,-4.146955,2.3823,-13.3079,1.1812,9.0,107016,2019-08-30 20:53:37:875,POINT (-4.146955 50.38638)
108,0.0,50.386390000000006,-4.146939,-0.6559,-13.9339,-13.6001,9.0,108015,2019-08-30 20:53:38:874,POINT (-4.146939 50.38639000000001)
109,0.0,50.386390000000006,-4.146939,0.4714,-7.0052,2.0091,9.0,109016,2019-08-30 20:53:39:875,POINT (-4.146939 50.38639000000001)
110,0.0,50.386395,-4.146929,-4.0907,-13.3103,-4.0331,9.0,110015,2019-08-30 20:53:40:874,POINT (-4.146929 50.386395)
111,0.0,50.386402000000004,-4.146923,-1.8529,-9.1118,1.3862,9.0,111015,2019-08-30 20:53:41:874,POINT (-4.146923 50.386402)
112,0.0,50.38642,-4.146907,-2.5873,-11.2779,-1.2955,9.0,112015,2019-08-30 20:53:42:874,POINT (-4.146907 50.38642)
113,0.0,50.38642,-4.146889,0.4109,-7.5769,-5.1461,9.0,113016,2019-08-30 20:53:43:875,POINT (-4.146889 50.38642)
114,0.0,50.386425,-4.146876,1.0756,-6.3194,1.0959999999999999,9.0,114015,2019-08-30 20:53:44:874,POINT (-4.146876 50.386425)
115,0.0,50.386433000000004,-4.146865,4.9263,-12.6373,1.5786,9.0,115015,2019-08-30 20:53:45:874,POINT (-4.146865 50.386433)
116,0.0,50.386433000000004,-4.146846,-2.2611,-9.6967,-1.4921,9.0,116015,2019-08-30 20:53:46:874,POINT (-4.146846 50.386433)
117,0.0,50.386448,-4.146843,-4.9996,-9.912,-0.5338,9.0,117015,2019-08-30 20:53:47:874,POINT (-4.146843 50.386448)
118,0.0,50.38645,-4.146828,7.7937,-12.107000000000001,-0.6031,9.0,118015,2019-08-30 20:53:48:874,POINT (-4.146828 50.38645)
119,0.0,50.38646,-4.146821,0.5431,-4.0613,1.6904,9.0,119015,2019-08-30 20:53:49:874,POINT (-4.146821 50.38646)
120,0.0,50.386456,-4.146804,-3.8438,-11.0697,-1.0282,9.0,120015,2019-08-30 20:53:50:874,POINT (-4.146804 50.386456)
121,0.0,50.386463,-4.146783,-3.0156,-11.195,-1.2802,9.0,121015,2019-08-30 20:53:51:874,POINT (-4.146783 50.386463)
122,0.0,50.386466999999996,-4.146768,-2.0714,-8.6527,0.243,9.0,122015,2019-08-30 20:53:52:874,POINT (-4.146768 50.386467)
123,0.0,50.38647,-4.1467529999999995,0.4913,-6.5435,3.0664,9.0,123016,2019-08-30 20:53:53:875,POINT (-4.146752999999999 50.38647)
124,0.0,50.38647,-4.146735,1.8013,-4.1893,-1.6745,9.0,124015,2019-08-30 20:53:54:874,POINT (-4.146735 50.38647)
125,0.0,50.38647,-4.146715,0.4363,-6.171,1.1552,9.0,125015,2019-08-30 20:53:55:874,POINT (-4.146715 50.38647)
126,0.0,50.386466999999996,-4.146701,2.8007,-14.2129,2.81,9.0,126015,2019-08-30 20:53:56:874,POINT (-4.146701 50.386467)
127,0.0,50.38648,-4.146679,-1.8259,-8.981,-0.3967,9.0,127016,2019-08-30 20:53:57:875,POINT (-4.146679 50.38648)
128,0.0,50.38648,-4.146654,-0.1412,-8.4438,0.3642,10.0,128015,2019-08-30 20:53:58:874,POINT (-4.146654 50.38648)
129,0.0,50.38649,-4.146641000000001,0.2194,-7.3812,2.7036,9.0,129015,2019-08-30 20:53:59:874,POINT (-4.146641000000001 50.38649)
130,0.0,50.386494,-4.146643,-2.5962,-9.7712,-6.0599,9.0,130015,2019-08-30 20:54:00:874,POINT (-4.146643 50.386494)
131,0.0,50.386494,-4.146643,1.212,-8.1431,1.6269,9.0,131016,2019-08-30 20:54:01:875,POINT (-4.146643 50.386494)
132,0.0,50.386497,-4.146618,-3.2277,-12.8515,-2.2122,9.0,132015,2019-08-30 20:54:02:874,POINT (-4.146618 50.386497)
133,0.0,50.386505,-4.1466,-0.7802,-9.4934,0.94,9.0,133015,2019-08-30 20:54:03:874,POINT (-4.1466 50.386505)
134,0.0,50.386513,-4.146605999999999,0.2768,-11.367,-0.1205,4.0,134015,2019-08-30 20:54:04:874,POINT (-4.146605999999999 50.386513)
135,0.0,50.386513,-4.146585,0.1746,-9.1447,-3.9589,4.0,135015,2019-08-30 20:54:05:874,POINT (-4.146585 50.386513)
136,0.0,50.386520000000004,-4.146575,1.8254,-3.9282,-1.2713,4.0,136016,2019-08-30 20:54:06:875,POINT (-4.146575 50.38652)
137,0.0,50.386524,-4.146566,-0.632,-10.047,-0.1629,4.0,137016,2019-08-30 20:54:07:875,POINT (-4.146566 50.386524)
138,0.0,50.38653,-4.146547,-2.3556,-12.0959,-3.0079,4.0,138016,2019-08-30 20:54:08:875,POINT (-4.146547 50.38653)
139,0.0,50.386547,-4.146527,-2.8948,-9.0064,-0.0018,4.0,139015,2019-08-30 20:54:09:874,POINT (-4.146527 50.386547)
140,0.0,50.386547,-4.146511,-4.039,-10.9338,0.1193,4.0,140015,2019-08-30 20:54:10:874,POINT (-4.146511 50.386547)
141,0.0,50.386559999999996,-4.146502,-1.2402,-8.2637,-5.2407,4.0,141015,2019-08-30 20:54:11:874,POINT (-4.146502 50.38656)
142,0.0,50.386565999999995,-4.146495,0.2428,-3.7194,1.2773,4.0,142016,2019-08-30 20:54:12:875,POINT (-4.146495 50.38656599999999)
143,0.0,50.386578,-4.146483,-5.9181,-12.2019,-1.2963,4.0,143016,2019-08-30 20:54:13:875,POINT (-4.146483 50.386578)
144,0.0,50.38658,-4.146472,-3.841,-13.7459,-3.3916,4.0,144015,2019-08-30 20:54:14:874,POINT (-4.146472 50.38658)
145,0.0,50.386590000000005,-4.146468,-0.6704,-8.4954,0.8038,4.0,145015,2019-08-30 20:54:15:874,POINT (-4.146468 50.38659000000001)
146,0.0,50.386596999999995,-4.1464620000000005,1.0702,-5.6578,2.0824,4.0,146016,2019-08-30 20:54:16:875,POINT (-4.146462000000001 50.38659699999999)
147,0.0,50.386593,-4.146446,-0.7966,-10.7352,-6.8875,4.0,147015,2019-08-30 20:54:17:874,POINT (-4.146446 50.386593)
148,0.0,50.38661,-4.146439,1.2229,-7.9677,0.9395,4.0,148015,2019-08-30 20:54:18:874,POINT (-4.146439 50.38661)
149,0.0,50.38662,-4.146439,2.9034,-13.3631,3.0084,4.0,149015,2019-08-30 20:54:19:874,POINT (-4.146439 50.38662)
150,0.0,50.38662,-4.146426,-2.8939999999999997,-10.3662,-0.9658,4.0,150017,2019-08-30 20:54:20:876,POINT (-4.146426 50.38662)
151,0.0,50.38663,-4.146426,-2.8154,-9.2126,-0.1936,3.0,151015,2019-08-30 20:54:21:874,POINT (-4.146426 50.38663)
152,0.0,50.38664,-4.146412000000001,-2.6347,-7.7611,3.2926,3.0,152015,2019-08-30 20:54:22:874,POINT (-4.146412000000001 50.38664)
153,0.0,50.386646,-4.1463980000000005,-4.8039,-16.6579,-10.3369,3.0,153015,2019-08-30 20:54:23:874,POINT (-4.146398 50.386646)
154,0.0,50.386646,-4.146383,-0.7848,-7.0508,1.0057,3.0,154015,2019-08-30 20:54:24:874,POINT (-4.146383 50.386646)
155,0.0,50.386654,-4.146367,4.8975,-13.2962,2.2229,3.0,155016,2019-08-30 20:54:25:875,POINT (-4.146367 50.386654)
156,0.0,50.386665,-4.146351,-1.275,-9.375,-0.3208,3.0,156016,2019-08-30 20:54:26:875,POINT (-4.146351 50.386665)
157,0.0,50.386672999999995,-4.146346,-4.0094,-8.9479,1.1987,3.0,157015,2019-08-30 20:54:27:874,POINT (-4.146346 50.38667299999999)
158,0.0,50.386672999999995,-4.146318,3.3938,-16.0634,5.1932,3.0,158020,2019-08-30 20:54:28:879,POINT (-4.146318 50.38667299999999)
159,0.0,50.386672999999995,-4.146289,1.3471,-4.3654,-0.9267,3.0,159016,2019-08-30 20:54:29:875,POINT (-4.146289 50.38667299999999)
160,0.0,50.38668,-4.146281,-0.1578,-9.2131,0.5294,3.0,160024,2019-08-30 20:54:30:883,POINT (-4.146281 50.38668)
161,0.0,50.38668,-4.146257,-2.1788,-15.1043,-2.0981,3.0,161016,2019-08-30 20:54:31:875,POINT (-4.146257 50.38668)
162,0.0,50.38669,-4.146247,-1.864,-9.6169,-0.4605,3.0,162015,2019-08-30 20:54:32:874,POINT (-4.146247 50.38669)
163,0.0,50.386703000000004,-4.146223,-3.3994,-11.508,1.4023,3.0,163015,2019-08-30 20:54:33:874,POINT (-4.146223 50.386703)
164,0.0,50.386703000000004,-4.146204,3.5013,-10.6625,-2.2232,3.0,164015,2019-08-30 20:54:34:874,POINT (-4.146204 50.386703)
165,0.0,50.386715,-4.146186,2.2414,-6.9989,-4.2722,3.0,165016,2019-08-30 20:54:35:875,POINT (-4.146186 50.386715)
166,0.0,50.386720000000004,-4.146175,0.8881,-6.5762,2.0362,3.0,166016,2019-08-30 20:54:36:875,POINT (-4.146175 50.38672)
167,0.0,50.386720000000004,-4.146157,-4.1365,-14.5214,-3.6806,3.0,167016,2019-08-30 20:54:37:875,POINT (-4.146157 50.38672)
168,0.0,50.386715,-4.146132,-3.8481,-9.7873,-2.2032,3.0,168015,2019-08-30 20:54:38:874,POINT (-4.146132 50.386715)
169,0.0,50.386726,-4.146116,-0.7976,-8.2315,-0.0509,3.0,169015,2019-08-30 20:54:39:874,POINT (-4.146116 50.386726)
170,0.0,50.386726,-4.1460989999999995,-3.2148,-11.937999999999999,2.8047,3.0,170015,2019-08-30 20:54:40:874,POINT (-4.146099 50.386726)
171,0.0,50.38673,-4.146085,-6.7193,-17.5775,-13.1513,3.0,171015,2019-08-30 20:54:41:874,POINT (-4.146085 50.38673)
172,0.0,50.38674,-4.146077,1.3414,-6.997000000000001,1.7635,3.0,172015,2019-08-30 20:54:42:874,POINT (-4.146077 50.38674)
173,0.0,50.386745,-4.146066,2.9961,-12.8325,2.8246,3.0,173016,2019-08-30 20:54:43:875,POINT (-4.146066 50.386745)
174,0.0,50.386745,-4.146066,-1.9573,-9.1162,0.3444,3.0,174015,2019-08-30 20:54:44:874,POINT (-4.146066 50.386745)
175,0.0,50.38677,-4.146057,0.6384,-8.181000000000001,0.7586,3.0,175015,2019-08-30 20:54:45:874,POINT (-4.146057 50.38677)
176,0.0,50.38678,-4.146051,-2.8475,-9.75,5.3209,3.0,176014,2019-08-30 20:54:46:873,POINT (-4.146051 50.38678)
177,0.0,50.38678,-4.146051,1.6680000000000001,-3.6266,-2.1304,3.0,177015,2019-08-30 20:54:47:874,POINT (-4.146051 50.38678)
178,0.0,50.386790000000005,-4.146037000000001,1.0434,-6.1305,2.4412,3.0,178015,2019-08-30 20:54:48:874,POINT (-4.146037000000001 50.38679)
179,0.0,50.386803,-4.146032,3.1456,-12.8023,0.2918,3.0,179015,2019-08-30 20:54:49:874,POINT (-4.146032 50.386803)
180,0.0,50.38682,-4.146011,-1.1791,-10.1339,-2.9801,3.0,180016,2019-08-30 20:54:50:875,POINT (-4.146011 50.38682)
181,0.0,50.38682,-4.145992,-1.9665,-8.5295,0.3601,3.0,181016,2019-08-30 20:54:51:875,POINT (-4.145992 50.38682)
182,0.0,50.38682,-4.145992,0.2701,-8.2699,2.5558,3.0,182016,2019-08-30 20:54:52:875,POINT (-4.145992 50.38682)
183,0.0,50.38684,-4.145973000000001,0.6181,-4.034,-1.3482,3.0,183016,2019-08-30 20:54:53:875,POINT (-4.145973000000001 50.38684)
184,0.0,50.386864,-4.145988,0.3661,-5.7702,2.097,3.0,184016,2019-08-30 20:54:54:875,POINT (-4.145988 50.386864)
185,0.0,50.38687,-4.145976999999999,-2.7004,-13.1607,0.1601,3.0,185015,2019-08-30 20:54:55:874,POINT (-4.145976999999999 50.38687)
186,0.0,50.38687,-4.1459589999999995,-1.0686,-10.1058,-1.4366,3.0,186015,2019-08-30 20:54:56:874,POINT (-4.145959 50.38687)
187,0.0,50.38689,-4.145934,0.006999999999999999,-8.552999999999999,-0.3362,3.0,187015,2019-08-30 20:54:57:874,POINT (-4.145934 50.38689)
188,0.0,50.386894,-4.1459220000000006,-4.1128,-9.2525,-2.1954,3.0,188015,2019-08-30 20:54:58:874,POINT (-4.145922000000001 50.386894)
189,0.0,50.3869,-4.145907,0.8877,-2.7434,0.4523,3.0,189015,2019-08-30 20:54:59:874,POINT (-4.145907 50.3869)
190,0.0,50.3869,-4.145907,0.4852,-5.0632,1.0034,3.0,190015,2019-08-30 20:55:00:874,POINT (-4.145907 50.3869)
191,0.0,50.386906,-4.145887999999999,-0.6672,-13.8895,3.0967,3.0,191015,2019-08-30 20:55:01:874,POINT (-4.145887999999999 50.386906)
192,0.0,50.38693,-4.145885,-3.3756,-12.4722,-0.1306,3.0,192018,2019-08-30 20:55:02:877,POINT (-4.145885 50.38693)
193,0.0,50.38693,-4.145871,-1.035,-8.624,-0.4773,3.0,193015,2019-08-30 20:55:03:874,POINT (-4.145871 50.38693)
194,0.0,50.386944,-4.145866000000001,-2.8908,-9.7738,4.2132,3.0,194017,2019-08-30 20:55:04:876,POINT (-4.145866000000001 50.386944)
195,0.0,50.38694,-4.145847,-3.4954,-16.5463,-16.4906,3.0,195016,2019-08-30 20:55:05:875,POINT (-4.145847 50.38694)
196,0.0,50.38694,-4.145847,0.5994,-3.6973,1.4251,3.0,196016,2019-08-30 20:55:06:875,POINT (-4.145847 50.38694)
197,0.0,50.386959999999995,-4.145839,5.0504,-11.7925,2.0854,3.0,197019,2019-08-30 20:55:07:878,POINT (-4.145839 50.38695999999999)
198,0.0,50.386967,-4.145817,-1.5997,-9.9761,-1.6113,3.0,198016,2019-08-30 20:55:08:875,POINT (-4.145817 50.386967)
199,0.0,50.386967,-4.145817,-1.2282,-8.9198,-0.5414,3.0,199016,2019-08-30 20:55:09:875,POINT (-4.145817 50.386967)
200,0.0,50.38697,-4.14581,1.4184,-0.4415,8.0903,3.0,200015,2019-08-30 20:55:10:874,POINT (-4.14581 50.38697)
201,0.0,50.38698,-4.145799,0.8987,-5.0677,-2.5155,3.0,201015,2019-08-30 20:55:11:874,POINT (-4.145799 50.38698)
202,0.0,50.38698,-4.14579,0.9978,-7.1984,1.1978,3.0,202016,2019-08-30 20:55:12:875,POINT (-4.14579 50.38698)
203,0.0,50.386993,-4.145775,-2.8203,-13.1257,-3.3601,9.0,203016,2019-08-30 20:55:13:875,POINT (-4.145775 50.386993)
204,0.0,50.387005,-4.145767,-2.2993,-9.3734,0.7939,9.0,204016,2019-08-30 20:55:14:875,POINT (-4.145767 50.387005)
205,0.0,50.38701,-4.145758,-2.4789,-11.2249,-0.7177,9.0,205015,2019-08-30 20:55:15:874,POINT (-4.145758 50.38701)
206,0.0,50.387015999999996,-4.145743,-2.2115,-14.2715,-8.0351,9.0,206016,2019-08-30 20:55:16:875,POINT (-4.145743 50.387016)
207,0.0,50.387028,-4.145732,-0.23800000000000002,-4.1883,2.053,9.0,207015,2019-08-30 20:55:17:874,POINT (-4.145732 50.387028)
208,0.0,50.38704,-4.1457239999999995,-2.7189,-12.5511,-0.5867,9.0,208016,2019-08-30 20:55:18:875,POINT (-4.145724 50.38704)
209,0.0,50.387046999999995,-4.1457120000000005,-3.8624,-13.4961,-2.6258,9.0,209016,2019-08-30 20:55:19:875,POINT (-4.145712000000001 50.387047)
210,0.0,50.387066,-4.145713,-3.4395,-9.2661,-0.0521,9.0,210015,2019-08-30 20:55:20:874,POINT (-4.145713 50.387066)
211,0.0,50.387074,-4.145704,-0.3439,-8.9444,3.3624,9.0,211016,2019-08-30 20:55:21:875,POINT (-4.145704 50.387074)
212,0.0,50.387074,-4.145704,-2.1665,-15.0545,-14.4973,9.0,212015,2019-08-30 20:55:22:874,POINT (-4.145704 50.387074)
213,0.0,50.38708,-4.145676,0.8234,-7.7029,2.1036,9.0,213015,2019-08-30 20:55:23:874,POINT (-4.145676 50.38708)
214,0.0,50.387085,-4.1456610000000005,0.3262,-12.9121,2.6395,9.0,214016,2019-08-30 20:55:24:875,POINT (-4.145661 50.387085)
215,0.0,50.38709,-4.145652,-1.9216,-9.5259,-2.7766,9.0,215015,2019-08-30 20:55:25:874,POINT (-4.145652 50.38709)
216,0.0,50.387104,-4.1456230000000005,-2.2354,-9.3886,-0.7954,9.0,216016,2019-08-30 20:55:26:875,POINT (-4.145623000000001 50.387104)
217,0.0,50.387108000000005,-4.145617,-1.8105,-10.3768,2.3929,9.0,217015,2019-08-30 20:55:27:874,POINT (-4.145617 50.387108)
218,0.0,50.38712,-4.145612,-1.1896,-8.4669,-4.8365,9.0,218016,2019-08-30 20:55:28:875,POINT (-4.145612 50.38712)
219,0.0,50.387122999999995,-4.145601999999999,1.6509,-6.285,1.6318,9.0,219016,2019-08-30 20:55:29:875,POINT (-4.145601999999999 50.387123)
220,0.0,50.387127,-4.145595,-2.3173,-10.2726,0.7796,9.0,220015,2019-08-30 20:55:30:874,POINT (-4.145595 50.387127)
221,0.0,50.38713,-4.1455779999999995,-4.5535,-14.317,-3.3569,9.0,221015,2019-08-30 20:55:31:874,POINT (-4.145578 50.38713)
222,0.0,50.387142,-4.145567,-2.1108,-8.6545,1.8746,9.0,222016,2019-08-30 20:55:32:875,POINT (-4.145567 50.387142)
223,0.0,50.387142,-4.145567,-2.8746,-9.6158,0.7209,9.0,223015,2019-08-30 20:55:33:874,POINT (-4.145567 50.387142)
224,0.0,50.387153999999995,-4.145556,1.431,-13.7002,-0.3179,9.0,224015,2019-08-30 20:55:34:874,POINT (-4.145556 50.387154)
225,0.0,50.387159999999994,-4.145544,0.0575,-4.4603,0.7433,9.0,225016,2019-08-30 20:55:35:875,POINT (-4.145544 50.38715999999999)
226,0.0,50.387159999999994,-4.145534,-2.4971,-13.2696,0.451,9.0,226016,2019-08-30 20:55:36:875,POINT (-4.145534 50.38715999999999)
227,0.0,50.387159999999994,-4.145534,-2.5096,-13.5105,-4.4795,9.0,227015,2019-08-30 20:55:37:874,POINT (-4.145534 50.38715999999999)
228,0.0,50.387177,-4.145524,-2.8314,-8.8345,0.4209,9.0,228015,2019-08-30 20:55:38:874,POINT (-4.145524 50.387177)
229,0.0,50.387188,-4.145508,-1.2246,-8.7735,1.2236,9.0,229015,2019-08-30 20:55:39:874,POINT (-4.145508 50.387188)
230,0.0,50.3872,-4.145503,4.6677,-8.9356,-0.3758,9.0,230015,2019-08-30 20:55:40:874,POINT (-4.145503 50.3872)
231,0.0,50.387209999999996,-4.145497,1.9747,-2.8693,0.4357,9.0,231016,2019-08-30 20:55:41:875,POINT (-4.145497 50.38721)
232,0.0,50.387221999999994,-4.145491000000001,1.5357,-6.2398,1.2801,9.0,232016,2019-08-30 20:55:42:875,POINT (-4.145491000000001 50.38722199999999)
233,0.0,50.387234,-4.1454830000000005,0.1925,-14.9834,-0.9968,9.0,233016,2019-08-30 20:55:43:875,POINT (-4.145483 50.387234)
234,0.0,50.387240000000006,-4.145469,-2.1671,-9.035,-0.3627,9.0,234015,2019-08-30 20:55:44:874,POINT (-4.145469 50.38724000000001)
235,0.0,50.38725,-4.145468,-2.7494,-8.9952,-0.0932,9.0,235015,2019-08-30 20:55:45:874,POINT (-4.145468 50.38725)
236,0.0,50.387257,-4.145453,-1.7437,-10.958,2.1891,9.0,236016,2019-08-30 20:55:46:875,POINT (-4.145453 50.387257)
237,0.0,50.387264,-4.14544,-4.0763,-18.9941,-14.1968,9.0,237015,2019-08-30 20:55:47:874,POINT (-4.14544 50.387264)
238,0.0,50.38726,-4.145423,1.7018,-5.8794,1.0408,9.0,238015,2019-08-30 20:55:48:874,POINT (-4.145423 50.38726)
239,0.0,50.387264,-4.145419,2.4545,-7.0528,-2.2824,9.0,239015,2019-08-30 20:55:49:874,POINT (-4.145419 50.387264)
240,0.0,50.38727,-4.145421,-0.9143,-11.2947,-2.6496,10.0,240014,2019-08-30 20:55:50:873,POINT (-4.145421 50.38727)
241,0.0,50.387276,-4.145404,-2.1499,-9.6635,-1.6653,9.0,241015,2019-08-30 20:55:51:874,POINT (-4.145404 50.387276)
242,0.0,50.38728,-4.145391,-1.2125,-8.5579,-0.1401,9.0,242015,2019-08-30 20:55:52:874,POINT (-4.145391 50.38728)
243,0.0,50.387287,-4.14538,-1.2755,-10.2326,-0.583,9.0,243016,2019-08-30 20:55:53:875,POINT (-4.14538 50.387287)
244,0.0,50.387314,-4.145378,5.5387,-9.0662,1.9145,9.0,244015,2019-08-30 20:55:54:874,POINT (-4.145378 50.387314)
245,0.0,50.387325,-4.14537,2.2809,-5.2331,-2.7186,9.0,245015,2019-08-30 20:55:55:874,POINT (-4.14537 50.387325)
246,0.0,50.387337,-4.145362,1.1751,-6.7696,2.0847,9.0,246019,2019-08-30 20:55:56:878,POINT (-4.145362 50.387337)
247,0.0,50.387352,-4.145359,0.56,-15.7946,2.3631,9.0,247017,2019-08-30 20:55:57:876,POINT (-4.145359 50.387352)
248,0.0,50.387352,-4.145344000000001,-0.9371,-8.9401,0.5093,9.0,248016,2019-08-30 20:55:58:875,POINT (-4.145344000000001 50.387352)
249,0.0,50.38736,-4.1453370000000005,-1.5645,-9.2808,-0.1096,9.0,249016,2019-08-30 20:55:59:875,POINT (-4.145337 50.38736)
250,0.0,50.38736,-4.145325,-0.5583,-11.1142,2.008,9.0,250016,2019-08-30 20:56:00:875,POINT (-4.145325 50.38736)
251,0.0,50.387367,-4.1453169999999995,1.3703,-14.7211,-7.8044,9.0,251015,2019-08-30 20:56:01:874,POINT (-4.145316999999999 50.387367)
252,0.0,50.387375,-4.145313,1.2517,-7.4677,-0.20800000000000002,9.0,252016,2019-08-30 20:56:02:875,POINT (-4.145313 50.387375)
253,0.0,50.387386,-4.145308,4.2864,-13.4952,1.7849,9.0,253015,2019-08-30 20:56:03:874,POINT (-4.145308 50.387386)
254,0.0,50.387383,-4.145299,-2.0271,-10.5173,0.3623,9.0,254015,2019-08-30 20:56:04:874,POINT (-4.145299 50.387383)
255,0.0,50.387398,-4.1453050000000005,-3.8163,-10.5117,0.7841,9.0,255015,2019-08-30 20:56:05:874,POINT (-4.145305 50.387398)
256,0.0,50.387398,-4.1453050000000005,-4.2253,-0.0454,10.4819,9.0,256015,2019-08-30 20:56:06:874,POINT (-4.145305 50.387398)
257,0.0,50.387423999999996,-4.145296,-4.0288,-0.7932,11.5228,9.0,257015,2019-08-30 20:56:07:874,POINT (-4.145296 50.387424)
258,0.0,50.387423999999996,-4.145296,-4.1134,1.9380000000000002,7.7379,9.0,258014,2019-08-30 20:56:08:873,POINT (-4.145296 50.387424)
259,0.0,50.387436,-4.145279,-7.8694,-0.0708,9.3964,9.0,259015,2019-08-30 20:56:09:874,POINT (-4.145279 50.387436)
260,0.0,50.387444,-4.145267,-4.1842,0.0312,6.5,9.0,260015,2019-08-30 20:56:10:874,POINT (-4.145267 50.387444)
261,0.0,50.38745,-4.145256,-6.7731,0.6905,6.785,9.0,261015,2019-08-30 20:56:11:874,POINT (-4.145256 50.38745)
262,0.0,50.387463000000004,-4.145244,-5.2008,-0.3281,3.9949,9.0,262015,2019-08-30 20:56:12:874,POINT (-4.145244 50.387463)
263,0.0,50.38747,-4.145236,-10.1923,-0.9288,9.0938,9.0,263015,2019-08-30 20:56:13:874,POINT (-4.145236 50.38747)
264,7.0,50.38747,-4.145226,-8.4339,0.1236,8.9236,9.0,264015,2019-08-30 20:56:14:874,POINT (-4.145226 50.38747)
265,2.0,50.38748,-4.145215,-9.037,2.2719,5.4587,9.0,265015,2019-08-30 20:56:15:874,POINT (-4.145215 50.38748)
266,2.0,50.38748,-4.1452089999999995,-9.5243,-7.4598,6.9843,9.0,266016,2019-08-30 20:56:16:875,POINT (-4.145208999999999 50.38748)
267,2.0,50.38749,-4.1452029999999995,-2.7203,-9.8961,1.1421,9.0,267015,2019-08-30 20:56:17:874,POINT (-4.145203 50.38749)
268,2.0,50.387493,-4.145196,0.9544,-9.405,-2.9463,9.0,268015,2019-08-30 20:56:18:874,POINT (-4.145196 50.387493)
269,2.0,50.38751,-4.145194,3.0407,-8.0659,0.3957,9.0,269015,2019-08-30 20:56:19:874,POINT (-4.145194 50.38751)
270,2.0,50.38752,-4.145186,0.49200000000000005,-15.1614,-0.0955,9.0,270015,2019-08-30 20:56:20:874,POINT (-4.145186 50.38752)
271,2.0,50.387527,-4.145176,-1.4578,-19.6238,-16.4749,10.0,271017,2019-08-30 20:56:21:876,POINT (-4.145176 50.387527)
272,2.0,50.387527,-4.145176,2.8892,-4.1218,1.8739,10.0,272015,2019-08-30 20:56:22:874,POINT (-4.145176 50.387527)
273,2.0,50.387543,-4.145156,-3.3074,-13.6695,-0.4461,10.0,273015,2019-08-30 20:56:23:874,POINT (-4.145156 50.387543)
274,2.0,50.387553999999994,-4.145142,-1.6196,-11.2002,-0.8585,10.0,274016,2019-08-30 20:56:24:875,POINT (-4.145142 50.38755399999999)
275,2.0,50.387570000000004,-4.145143,-0.9976,-8.8736,0.5767,10.0,275015,2019-08-30 20:56:25:874,POINT (-4.145143 50.38757)
276,2.0,50.387584999999994,-4.145141000000001,-0.0876,-8.8742,0.1086,10.0,276016,2019-08-30 20:56:26:875,POINT (-4.145141000000001 50.38758499999999)
277,2.0,50.387592,-4.145134,0.6242,-6.0765,4.9837,10.0,277023,2019-08-30 20:56:27:882,POINT (-4.145134 50.387592)
278,2.0,50.387608,-4.145131,-6.5338,-21.9096,-15.6935,10.0,278016,2019-08-30 20:56:28:875,POINT (-4.145131 50.387608)
279,2.0,50.38762,-4.145128,1.6037,-2.4453,1.7179,10.0,279015,2019-08-30 20:56:29:874,POINT (-4.145128 50.38762)
280,2.0,50.38763,-4.1451199999999995,2.2151,-7.1793,2.9108,10.0,280015,2019-08-30 20:56:30:874,POINT (-4.145119999999999 50.38763)
281,2.0,50.387640000000005,-4.14511,3.4745,-15.5745,3.1712,10.0,281016,2019-08-30 20:56:31:875,POINT (-4.14511 50.38764)
282,2.0,50.38765,-4.145093,-1.123,-11.3606,-2.5362,10.0,282016,2019-08-30 20:56:32:875,POINT (-4.145093 50.38765)
283,2.0,50.387657,-4.145075,-1.4997,-9.0758,0.6477,10.0,283015,2019-08-30 20:56:33:874,POINT (-4.145075 50.387657)
284,2.0,50.387671999999995,-4.145080999999999,0.396,-13.5704,2.1044,10.0,284015,2019-08-30 20:56:34:874,POINT (-4.145080999999999 50.38767199999999)
285,2.0,50.387679999999996,-4.145066,6.4261,-8.6068,0.6796,10.0,285015,2019-08-30 20:56:35:874,POINT (-4.145066 50.38768)
286,2.0,50.387684,-4.145054,4.0675,-4.5656,-1.3331,9.0,286015,2019-08-30 20:56:36:874,POINT (-4.145054 50.387684)
287,2.0,50.387684,-4.145054,2.1559,-3.5626,1.6484,9.0,287015,2019-08-30 20:56:37:874,POINT (-4.145054 50.387684)
288,2.0,50.387695,-4.145023,1.2329999999999999,-13.1794,-0.5889,9.0,288015,2019-08-30 20:56:38:874,POINT (-4.145023 50.387695)
289,2.0,50.387707,-4.145017,-1.8371,-14.9209,-3.2303,9.0,289015,2019-08-30 20:56:39:874,POINT (-4.145017 50.387707)
290,2.0,50.38772,-4.145009,-1.8991,-8.8891,-0.9648,9.0,290015,2019-08-30 20:56:40:874,POINT (-4.145009 50.38772)
291,2.0,50.38773,-4.145008,0.2155,-8.9996,0.2019,9.0,291015,2019-08-30 20:56:41:874,POINT (-4.145008 50.38773)
292,2.0,50.38774,-4.145008,-2.4646,-6.4270000000000005,3.8896,9.0,292017,2019-08-30 20:56:42:876,POINT (-4.145008 50.38774)
293,2.0,50.387753000000004,-4.144997,-5.7586,-21.4843,-15.9126,10.0,293015,2019-08-30 20:56:43:874,POINT (-4.144997 50.387753)
294,2.0,50.387764000000004,-4.144989,2.6881,-5.3023,1.28,10.0,294015,2019-08-30 20:56:44:874,POINT (-4.144989 50.387764)
295,2.0,50.387775,-4.144989,-0.6978,-14.5517,-1.3393,10.0,295015,2019-08-30 20:56:45:874,POINT (-4.144989 50.387775)
296,2.0,50.387775,-4.14498,-1.1501,-9.1288,-0.3951,10.0,296015,2019-08-30 20:56:46:874,POINT (-4.14498 50.387775)
297,2.0,50.38778,-4.144969000000001,0.4393,-8.2867,0.5951,10.0,297016,2019-08-30 20:56:47:875,POINT (-4.144969000000001 50.38778)
298,2.0,50.38779,-4.144966999999999,0.7323,-8.7999,3.4215,10.0,298015,2019-08-30 20:56:48:874,POINT (-4.144966999999999 50.38779)
299,2.0,50.3878,-4.144965,-8.4152,-18.5941,-12.3646,10.0,299015,2019-08-30 20:56:49:874,POINT (-4.144965 50.3878)
300,2.0,50.3878,-4.144965,1.2728,-3.5162,1.4728,10.0,300015,2019-08-30 20:56:50:874,POINT (-4.144965 50.3878)
301,2.0,50.387817,-4.144954,1.0035,-12.44,1.786,10.0,301015,2019-08-30 20:56:51:874,POINT (-4.144954 50.387817)
302,2.0,50.387817,-4.144954,-2.2063,-9.475,-0.32899999999999996,10.0,302015,2019-08-30 20:56:52:874,POINT (-4.144954 50.387817)
303,2.0,50.387840000000004,-4.14494,-1.4245,-9.9243,-0.5466,10.0,303015,2019-08-30 20:56:53:874,POINT (-4.14494 50.38784)
304,2.0,50.387844,-4.144924,-0.3584,-8.6604,1.4551,10.0,304015,2019-08-30 20:56:54:874,POINT (-4.144924 50.387844)
305,2.0,50.38785,-4.144932,2.3022,-9.6851,1.2323,10.0,305015,2019-08-30 20:56:55:874,POINT (-4.144932 50.38785)
306,2.0,50.387859999999996,-4.144922,1.9072,-3.7758,2.1554,10.0,306015,2019-08-30 20:56:56:874,POINT (-4.144922 50.38786)
307,2.0,50.387867,-4.144903,1.3409,-5.4043,1.6491,10.0,307016,2019-08-30 20:56:57:875,POINT (-4.144903 50.387867)
308,2.0,50.387890000000006,-4.14489,2.04,-14.0726,3.8226,10.0,308017,2019-08-30 20:56:58:876,POINT (-4.14489 50.38789000000001)
309,2.0,50.387917,-4.144888,-3.1379,-10.995999999999999,-4.9195,10.0,309015,2019-08-30 20:56:59:874,POINT (-4.144888 50.387917)
310,2.0,50.38792,-4.144896,-1.6785,-9.6519,0.2841,11.0,310016,2019-08-30 20:57:00:875,POINT (-4.144896 50.38792)
311,2.0,50.38794,-4.14489,-0.0297,-8.42,0.3044,11.0,311015,2019-08-30 20:57:01:874,POINT (-4.14489 50.38794)
312,2.0,50.38795,-4.144898,1.5929,-7.0387,2.642,11.0,312017,2019-08-30 20:57:02:876,POINT (-4.144898 50.38795)
313,2.0,50.38798,-4.144896,1.8534,-2.8818,0.8673,11.0,313015,2019-08-30 20:57:03:874,POINT (-4.144896 50.38798)
314,2.0,50.388000000000005,-4.144899,1.7972,-7.5815,3.335,12.0,314015,2019-08-30 20:57:04:874,POINT (-4.144899 50.38800000000001)
315,2.0,50.388011999999996,-4.1449,3.3548,-14.2249,2.5525,12.0,315015,2019-08-30 20:57:05:874,POINT (-4.1449 50.388012)
316,2.0,50.388020000000004,-4.144895,-3.4407,-15.038,-2.8417,13.0,316015,2019-08-30 20:57:06:874,POINT (-4.144895 50.38802)
317,2.0,50.387993,-4.144863,-1.1197,-9.1857,1.4372,11.0,317015,2019-08-30 20:57:07:874,POINT (-4.144863 50.387993)
318,2.0,50.387997,-4.144857,-3.3642,-10.398,0.14,11.0,318015,2019-08-30 20:57:08:874,POINT (-4.144857 50.387997)
319,2.0,50.388016,-4.144847,9.789,-8.0347,1.4348,12.0,319016,2019-08-30 20:57:09:875,POINT (-4.144847 50.388016)
320,2.0,50.388009999999994,-4.144818,3.7703,-7.0291,-3.9528,12.0,320015,2019-08-30 20:57:10:874,POINT (-4.144818 50.38800999999999)
321,2.0,50.388016,-4.144836,-0.9067,-9.9839,0.3026,12.0,321015,2019-08-30 20:57:11:874,POINT (-4.144836 50.388016)
322,2.0,50.388016,-4.144836,3.7843,-14.2527,2.7879,12.0,322015,2019-08-30 20:57:12:874,POINT (-4.144836 50.388016)
323,2.0,50.388023,-4.144832,-1.1481,-9.2239,-0.1565,12.0,323015,2019-08-30 20:57:13:874,POINT (-4.144832 50.388023)
324,2.0,50.388016,-4.144826,-1.2536,-9.0013,0.2016,12.0,324015,2019-08-30 20:57:14:874,POINT (-4.144826 50.388016)
325,2.0,50.388040000000004,-4.1447959999999995,2.2776,-6.1063,3.3006,12.0,325022,2019-08-30 20:57:15:881,POINT (-4.144795999999999 50.38804)
326,2.0,50.388040000000004,-4.14479,-7.6048,-20.4892,-15.6195,12.0,326023,2019-08-30 20:57:16:882,POINT (-4.14479 50.38804)
327,2.0,50.388046,-4.144782,2.7809,-6.655,1.432,12.0,327017,2019-08-30 20:57:17:876,POINT (-4.144782 50.388046)
328,2.0,50.388073,-4.144794999999999,4.8486,-12.7176,3.1287,12.0,328014,2019-08-30 20:57:18:873,POINT (-4.144794999999999 50.388073)
329,2.0,50.38808,-4.144794999999999,-3.5578,-12.5096,-3.7812,12.0,329016,2019-08-30 20:57:19:875,POINT (-4.144794999999999 50.38808)
330,2.0,50.388077,-4.1447769999999995,-2.3438,-8.6405,0.8419,12.0,330024,2019-08-30 20:57:20:883,POINT (-4.144776999999999 50.388077)
331,2.0,50.388090000000005,-4.1447769999999995,-3.1744,-10.1996,-0.2208,12.0,331024,2019-08-30 20:57:21:883,POINT (-4.144776999999999 50.38809000000001)
332,2.0,50.3881,-4.144783,-6.4653,-11.0096,-6.0888,11.0,332022,2019-08-30 20:57:22:881,POINT (-4.144783 50.3881)
333,2.0,50.3881,-4.144783,0.6095,-4.4762,1.6009,11.0,333015,2019-08-30 20:57:23:874,POINT (-4.144783 50.3881)
334,2.0,50.38808,-4.144774,-1.8017,-12.2137,-1.4888,11.0,334016,2019-08-30 20:57:24:875,POINT (-4.144774 50.38808)
335,2.0,50.388103,-4.144761,-3.2576,-13.4235,-2.4204,10.0,335017,2019-08-30 20:57:25:876,POINT (-4.144761 50.388103)
336,2.0,50.388115,-4.144737,-1.9375,-9.0255,1.5605,11.0,336014,2019-08-30 20:57:26:873,POINT (-4.144737 50.388115)
337,2.0,50.38811,-4.144729,7.6386,-5.9546,2.9487,10.0,337015,2019-08-30 20:57:27:874,POINT (-4.144729 50.38811)
338,2.0,50.38811,-4.144712,-6.4353,-18.1224,-12.4135,10.0,338015,2019-08-30 20:57:28:874,POINT (-4.144712 50.38811)
339,2.0,50.38812,-4.144709,1.1781,-3.8734,1.6113,10.0,339015,2019-08-30 20:57:29:874,POINT (-4.144709 50.38812)
340,2.0,50.38813,-4.1447,2.6122,-14.4334,2.9129,10.0,340020,2019-08-30 20:57:30:879,POINT (-4.1447 50.38813)
341,2.0,50.388138,-4.144699,-3.1766,-13.0215,-4.006,10.0,341016,2019-08-30 20:57:31:875,POINT (-4.144699 50.388138)
342,2.0,50.388138,-4.144699,-0.47100000000000003,-9.5092,0.5318,10.0,342016,2019-08-30 20:57:32:875,POINT (-4.144699 50.388138)
343,2.0,50.38816,-4.144691000000001,1.6968,-8.1419,0.4254,10.0,343014,2019-08-30 20:57:33:873,POINT (-4.144691000000001 50.38816)
344,2.0,50.38816,-4.144683000000001,-6.0141,-17.1615,-10.6468,10.0,344015,2019-08-30 20:57:34:874,POINT (-4.144683000000001 50.38816)
345,2.0,50.38817,-4.14467,0.5775,-3.7623,1.1878,10.0,345016,2019-08-30 20:57:35:875,POINT (-4.14467 50.38817)
346,2.0,50.38818,-4.144677,2.7154,-13.2376,4.1012,10.0,346015,2019-08-30 20:57:36:874,POINT (-4.144677 50.38818)
347,2.0,50.38818,-4.144677,-0.767,-10.2008,-0.6908,10.0,347018,2019-08-30 20:57:37:877,POINT (-4.144677 50.38818)
348,2.0,50.38819,-4.144659,-1.2294,-8.9871,0.9894,10.0,348015,2019-08-30 20:57:38:874,POINT (-4.144659 50.38819)
349,2.0,50.3882,-4.144652,0.2422,-5.9602,3.9917,10.0,349015,2019-08-30 20:57:39:874,POINT (-4.144652 50.3882)
350,2.0,50.388206,-4.144644,-1.115,-11.035,-12.9498,10.0,350015,2019-08-30 20:57:40:874,POINT (-4.144644 50.388206)
351,2.0,50.388233,-4.144635,-3.8044,-12.5632,-0.0587,10.0,351016,2019-08-30 20:57:41:875,POINT (-4.144635 50.388233)
352,2.0,50.388237,-4.144617,-2.6429,-10.4931,0.0843,10.0,352015,2019-08-30 20:57:42:874,POINT (-4.144617 50.388237)
353,2.0,50.388259999999995,-4.14461,-2.4348,-9.2764,0.6463,10.0,353016,2019-08-30 20:57:43:875,POINT (-4.14461 50.38826)
354,2.0,50.38827,-4.144595,-4.5219,-11.2991,0.4276,10.0,354015,2019-08-30 20:57:44:874,POINT (-4.144595 50.38827)
355,2.0,50.38827,-4.144575,-7.1831,-16.3017,-10.559000000000001,10.0,355015,2019-08-30 20:57:45:874,POINT (-4.144575 50.38827)
356,2.0,50.38827,-4.144558999999999,0.519,-6.5434,1.2173,10.0,356015,2019-08-30 20:57:46:874,POINT (-4.144558999999999 50.38827)
357,2.0,50.388275,-4.1445419999999995,1.3635,-12.818,-2.9139,10.0,357016,2019-08-30 20:57:47:875,POINT (-4.144542 50.388275)
358,2.0,50.388290000000005,-4.144538,-1.5788,-8.9847,0.934,10.0,358015,2019-08-30 20:57:48:874,POINT (-4.144538 50.38829)
359,2.0,50.388287,-4.144515,-0.1067,-8.1502,0.3724,10.0,359016,2019-08-30 20:57:49:875,POINT (-4.144515 50.388287)
360,2.0,50.388290000000005,-4.144503,3.0038,-8.6966,2.3845,10.0,360015,2019-08-30 20:57:50:874,POINT (-4.144503 50.38829)
361,2.0,50.388287,-4.144486,0.9532,-3.3311,-0.6792,10.0,361016,2019-08-30 20:57:51:875,POINT (-4.144486 50.388287)
362,2.0,50.388287,-4.144486,2.6434,-13.4402,3.4684,10.0,362015,2019-08-30 20:57:52:874,POINT (-4.144486 50.388287)
363,2.0,50.388294,-4.144477999999999,-1.7701,-10.5229,-1.3776,10.0,363015,2019-08-30 20:57:53:874,POINT (-4.144477999999999 50.388294)
364,2.0,50.388317,-4.1444540000000005,0.3977,-8.0975,0.4347,10.0,364016,2019-08-30 20:57:54:875,POINT (-4.144454000000001 50.388317)
365,2.0,50.388329999999996,-4.144437,1.5036,-6.3351,3.2666,10.0,365017,2019-08-30 20:57:55:876,POINT (-4.144437 50.38833)
366,2.0,50.388344000000004,-4.144424,0.1535,-2.9067,-0.6754,10.0,366016,2019-08-30 20:57:56:875,POINT (-4.144424 50.388344)
367,2.0,50.388332,-4.1444,-3.1951,-10.3145,-1.1959,10.0,367015,2019-08-30 20:57:57:874,POINT (-4.1444 50.388332)
368,2.0,50.38834,-4.1443900000000005,-3.5291,-12.7094,-4.391,10.0,368015,2019-08-30 20:57:58:874,POINT (-4.14439 50.38834)
369,2.0,50.38834,-4.1443900000000005,-1.7515,-8.8316,1.0362,10.0,369014,2019-08-30 20:57:59:873,POINT (-4.14439 50.38834)
370,2.0,50.388344000000004,-4.144362,-2.411,-14.354000000000001,-0.265,10.0,370015,2019-08-30 20:58:00:874,POINT (-4.144362 50.388344)
371,2.0,50.388325,-4.144357,-6.1401,-18.9195,-11.7314,11.0,371015,2019-08-30 20:58:01:874,POINT (-4.144357 50.388325)
372,2.0,50.388329999999996,-4.144334,0.0878,-6.4639,0.8837,11.0,372016,2019-08-30 20:58:02:875,POINT (-4.144334 50.38833)
373,2.0,50.388344000000004,-4.144326,0.0602,-13.5771,3.4552,10.0,373016,2019-08-30 20:58:03:875,POINT (-4.144326 50.388344)
374,2.0,50.38836,-4.144305999999999,-2.1044,-10.8221,-1.726,11.0,374015,2019-08-30 20:58:04:874,POINT (-4.144305999999999 50.38836)
375,2.0,50.388366999999995,-4.144284,0.0459,-8.2912,1.2088,11.0,375015,2019-08-30 20:58:05:874,POINT (-4.144284 50.388367)
376,2.0,50.38836,-4.144259,-1.4971,-14.5823,-0.7543,11.0,376016,2019-08-30 20:58:06:875,POINT (-4.144259 50.38836)
377,2.0,50.38835,-4.144241,0.2838,-3.6742,-0.1579,11.0,377017,2019-08-30 20:58:07:876,POINT (-4.144241 50.38835)
378,2.0,50.38834,-4.144222,2.0991,-12.9726,3.2495,11.0,378015,2019-08-30 20:58:08:874,POINT (-4.144222 50.38834)
379,2.0,50.38835,-4.144191,-2.6834,-11.0078,-2.5768,11.0,379015,2019-08-30 20:58:09:874,POINT (-4.144191 50.38835)
380,2.0,50.388355,-4.14419,-0.1818,-7.7757,0.6995,11.0,380016,2019-08-30 20:58:10:875,POINT (-4.14419 50.388355)
381,2.0,50.38835,-4.144176,0.7415,-16.0866,2.9948,11.0,381016,2019-08-30 20:58:11:875,POINT (-4.144176 50.38835)
382,2.0,50.38836,-4.144161,1.6084,-2.8953,-1.7076,11.0,382016,2019-08-30 20:58:12:875,POINT (-4.144161 50.38836)
383,2.0,50.388363,-4.144143,0.7896,-7.3831,2.2767,11.0,383015,2019-08-30 20:58:13:874,POINT (-4.144143 50.388363)
384,2.0,50.38838,-4.144126,-4.0482,-13.6846,-3.3502,11.0,384015,2019-08-30 20:58:14:874,POINT (-4.144126 50.38838)
385,2.0,50.388386,-4.144111,-0.5534,-9.1318,1.3439,11.0,385016,2019-08-30 20:58:15:875,POINT (-4.144111 50.388386)
386,2.0,50.38838,-4.144106,2.0797,-10.222999999999999,2.73,11.0,386015,2019-08-30 20:58:16:874,POINT (-4.144106 50.38838)
387,2.0,50.388386,-4.1440779999999995,-5.3433,-17.4509,-10.554,11.0,387015,2019-08-30 20:58:17:874,POINT (-4.144077999999999 50.388386)
388,2.0,50.388393,-4.144069,-0.8195,-9.9523,0.4848,10.0,388015,2019-08-30 20:58:18:874,POINT (-4.144069 50.388393)
389,2.0,50.388386,-4.14406,-0.2383,-12.8881,0.0183,10.0,389016,2019-08-30 20:58:19:875,POINT (-4.14406 50.388386)
390,2.0,50.38839,-4.1440470000000005,-1.2207,-9.753,-0.8582,10.0,390015,2019-08-30 20:58:20:874,POINT (-4.144047 50.38839)
391,2.0,50.388405,-4.144044999999999,3.4704,-4.8167,2.2984,10.0,391015,2019-08-30 20:58:21:874,POINT (-4.144044999999999 50.388405)
392,2.0,50.388405,-4.144035,-0.1981,-7.1381,-2.5853,10.0,392015,2019-08-30 20:58:22:874,POINT (-4.144035 50.388405)
393,2.0,50.38841,-4.144033,-0.5437,-10.6244,-0.3155,10.0,393015,2019-08-30 20:58:23:874,POINT (-4.144033 50.38841)
394,2.0,50.388416,-4.1440339999999996,-2.2462,-7.3238,-3.8331,9.0,394015,2019-08-30 20:58:24:874,POINT (-4.144034 50.388416)
395,2.0,50.388416,-4.1440339999999996,-2.4636,-9.687999999999999,-0.3059,9.0,395015,2019-08-30 20:58:25:874,POINT (-4.144034 50.388416)
396,2.0,50.388416,-4.1440269999999995,-2.7196,-8.3293,-3.2132,9.0,396016,2019-08-30 20:58:26:875,POINT (-4.144026999999999 50.388416)
397,2.0,50.388424,-4.144018,-2.9619999999999997,-10.045,1.0167,9.0,397016,2019-08-30 20:58:27:875,POINT (-4.144018 50.388424)
398,2.0,50.388428000000005,-4.1440019999999995,-3.2798,-12.24,-4.957,9.0,398015,2019-08-30 20:58:28:874,POINT (-4.144002 50.388428)
399,2.0,50.388424,-4.143983,-1.1759,-6.8641,-1.2733,9.0,399015,2019-08-30 20:58:29:874,POINT (-4.143983 50.388424)
400,2.0,50.388416,-4.143953,-5.7318,-1.4812,5.2743,9.0,400015,2019-08-30 20:58:30:874,POINT (-4.143953 50.388416)
401,2.0,50.388412,-4.143911,-1.6002,-0.3909,9.559,3.0,401016,2019-08-30 20:58:31:875,POINT (-4.143911 50.388412)
402,2.0,50.388416,-4.143868,0.1039,0.8647,9.7703,3.0,402015,2019-08-30 20:58:32:874,POINT (-4.143868 50.388416)
403,2.0,50.388416,-4.1438559999999995,-2.9939999999999998,1.629,12.6045,3.0,403015,2019-08-30 20:58:33:874,POINT (-4.143856 50.388416)
404,2.0,50.388416,-4.143828,-1.4637,2.4344,7.0982,3.0,404015,2019-08-30 20:58:34:874,POINT (-4.143828 50.388416)
405,2.0,50.388416,-4.143811,-0.8684,3.4507,7.9807,3.0,405016,2019-08-30 20:58:35:875,POINT (-4.143811 50.388416)
406,2.0,50.388428000000005,-4.143797,1.4218,4.0672,9.9204,3.0,406014,2019-08-30 20:58:36:873,POINT (-4.143797 50.388428)
